,预测结果Y,Exited,预测结果概率_0.0,预测结果概率_1.0,IsActiveStatus,IsActiveAssetStage,CrCardAssetStage,Age
0,0.0,0.0,0.9106697025634223,0.0893302974365775,1,0,0,34
1,0.0,0.0,0.7328094813950821,0.2671905186049182,3,6,6,56
2,0.0,1.0,0.6243078246600751,0.37569217533992494,1,2,9,43
3,0.0,0.0,0.7850127338142185,0.21498726618578134,0,2,9,38
4,1.0,1.0,0.4029040475830763,0.5970959524169238,2,1,7,50
5,0.0,0.0,0.5590212174768847,0.44097878252311523,5,8,2,47
6,0.0,0.0,0.8321741558755249,0.16782584412447504,0,2,9,34
7,1.0,0.0,0.44325271844804326,0.5567472815519569,2,2,9,46
8,0.0,1.0,0.7430377360199014,0.2569622639800987,0,2,2,40
9,0.0,0.0,0.7149957939256096,0.28500420607439053,2,1,2,42
10,0.0,0.0,0.8699273534296157,0.1300726465703847,3,8,9,37
11,0.0,0.0,0.7808444433292575,0.21915555667074205,4,8,9,42
12,0.0,0.0,0.8967023885177757,0.10329761148222437,5,8,9,74
13,0.0,0.0,0.8910305935283059,0.10896940647169417,4,8,9,36
14,0.0,1.0,0.8787306609708248,0.12126933902917511,3,7,7,63
15,0.0,0.0,0.8291150009377968,0.17088499906220317,2,2,2,37
16,0.0,0.0,0.8776318781876669,0.12236812181233374,5,8,9,37
17,0.0,1.0,0.8584871277030268,0.1415128722969735,5,8,9,39
18,0.0,0.0,0.9102724882407963,0.08972751175920393,3,8,9,34
19,0.0,0.0,0.8374030131267943,0.16259698687320576,3,8,9,40
20,0.0,0.0,0.8249373401064993,0.17506265989350045,3,7,2,41
21,1.0,0.0,0.1738890062182042,0.8261109937817962,0,3,9,58
22,0.0,0.0,0.8876526869923336,0.11234731300766657,5,6,6,41
23,0.0,0.0,0.866865969465361,0.13313403053463885,0,0,6,39
24,0.0,0.0,0.7535070900171565,0.24649290998284293,3,8,9,61
25,0.0,0.0,0.8742551406404752,0.1257448593595249,0,1,2,33
26,1.0,0.0,0.1738890062182042,0.8261109937817962,0,3,9,58
27,0.0,0.0,0.9084386887878089,0.09156131121219149,4,8,9,34
28,0.0,0.0,0.8336783830005028,0.16632161699949713,5,8,2,41
29,0.0,0.0,0.6792704240639422,0.32072957593605744,4,8,9,46
30,0.0,0.0,0.8472264741371848,0.1527735258628153,2,2,9,24
31,1.0,0.0,0.3777094772408451,0.622290522759155,0,3,9,48
32,0.0,0.0,0.8019269817581635,0.19807301824183657,0,3,9,37
33,1.0,0.0,0.21070270574545208,0.7892972942545481,2,0,6,57
34,0.0,0.0,0.9496712814716892,0.05032871852831072,3,6,6,28
35,0.0,0.0,0.9118121628685307,0.08818783713146898,4,8,2,73
36,0.0,0.0,0.9156922182068257,0.08430778179317462,5,9,9,31
37,0.0,0.0,0.8472264741371848,0.1527735258628153,2,2,9,24
38,0.0,0.0,0.5940228882590501,0.4059771117409499,2,3,9,44
39,0.0,0.0,0.9196252241767158,0.0803747758232843,3,9,9,30
40,0.0,0.0,0.8548497667308045,0.1451502332691952,1,2,2,26
41,0.0,0.0,0.9489469166680936,0.051053083331906064,5,6,0,30
42,0.0,0.0,0.9363688433882662,0.06363115661173366,3,6,0,72
43,0.0,0.0,0.705069704308539,0.2949302956914609,1,2,9,39
44,0.0,0.0,0.7082281889996722,0.2917718110003278,2,3,9,40
45,0.0,0.0,0.9151084898672375,0.08489151013276273,4,9,9,30
46,0.0,0.0,0.8892881325782475,0.11071186742175244,2,0,0,39
47,0.0,0.0,0.90233263649613,0.09766736350387012,4,9,9,35
48,0.0,0.0,0.9241156342317861,0.07588436576821397,2,0,6,27
49,0.0,0.0,0.7842790836760982,0.21572091632390142,2,0,6,44
50,0.0,0.0,0.8899887535351826,0.11001124646481754,3,9,9,36
51,1.0,0.0,0.3529157509958329,0.6470842490041672,0,3,9,49
52,0.0,0.0,0.8806589725927182,0.11934102740728181,5,6,6,42
53,0.0,0.0,0.8458895448318182,0.1541104551681818,2,3,9,32
54,0.0,0.0,0.7167766815274078,0.28322331847259186,3,9,5,45
55,0.0,0.0,0.9183897568239692,0.08161024317603088,3,8,9,31
56,0.0,0.0,0.8773311371774374,0.12266886282256242,0,0,0,39
57,0.0,0.0,0.9005851584505074,0.09941484154949246,2,0,0,38
58,0.0,0.0,0.9302635951177234,0.06973640488227621,5,6,0,39
59,0.0,0.0,0.8569698005959862,0.14303019940401385,5,9,9,41
60,0.0,0.0,0.8286832333074927,0.17131676669250717,1,1,2,38
61,0.0,0.0,0.8853929077115452,0.11460709228845484,4,9,5,39
62,0.0,0.0,0.8394503187808575,0.16054968121914245,0,2,9,25
63,0.0,0.0,0.9138730225144909,0.08612697748550932,4,9,9,32
64,0.0,0.0,0.7586759966512682,0.24132400334873202,1,3,9,38
65,0.0,0.0,0.9152410980008363,0.08475890199916393,5,9,9,27
66,0.0,0.0,0.8445246326410952,0.15547536735890477,0,2,9,26
67,0.0,0.0,0.7082281889996722,0.2917718110003278,2,2,9,40
68,0.0,0.0,0.779107084118127,0.22089291588187301,2,2,9,37
69,1.0,0.0,0.4995121500516388,0.5004878499483612,1,0,0,47
70,0.0,0.0,0.6906494441373623,0.3093505558626379,5,6,0,56
71,0.0,0.0,0.5947833787209705,0.4052166212790295,4,8,2,48
72,1.0,0.0,0.28492910041466346,0.7150708995853369,0,3,9,51
73,0.0,0.0,0.6137881106306412,0.3862118893693588,0,0,6,45
74,1.0,0.0,0.24947420308807783,0.7505257969119222,0,2,2,51
75,0.0,0.0,0.8745779667171897,0.12542203328281087,5,9,9,38
76,0.0,0.0,0.7164773029096895,0.2835226970903101,0,2,9,41
77,1.0,0.0,0.17457481073949535,0.8254251892605049,1,3,5,57
78,0.0,0.0,0.7729849818806125,0.22701501811938762,5,6,0,43
79,1.0,0.0,0.18631184808998102,0.8136881519100192,2,3,9,62
80,1.0,0.0,0.20136519460127036,0.7986348053987298,0,0,6,61
81,0.0,0.0,0.7157893713082357,0.2842106286917642,5,9,5,43
82,0.0,0.0,0.705069704308539,0.2949302956914609,1,3,9,39
83,0.0,0.0,0.8305709278012067,0.16942907219879302,3,7,7,41
84,0.0,0.0,0.9489140524684925,0.05108594753150746,3,6,6,31
85,0.0,0.0,0.9514014142550533,0.04859858574494641,5,6,6,33
86,0.0,0.0,0.7808444433292575,0.21915555667074205,4,9,9,42
87,0.0,0.0,0.8485097890161891,0.15149021098381107,5,6,0,42
88,0.0,0.0,0.9127019738276119,0.08729802617238837,3,9,9,33
89,0.0,0.0,0.715402815029866,0.284597184970134,1,3,9,40
90,0.0,0.0,0.8801858730029379,0.11981412699706193,0,3,5,31
91,0.0,0.0,0.8560918626713313,0.14390813732866878,0,3,5,18
92,0.0,0.0,0.9496712814716892,0.05032871852831072,3,6,6,28
93,0.0,0.0,0.779107084118127,0.22089291588187301,2,3,9,37
94,0.0,0.0,0.8052554001301456,0.1947445998698546,1,3,9,35
95,0.0,0.0,0.8351442919896397,0.16485570801035998,3,8,2,63
96,0.0,0.0,0.8413293588071601,0.1586706411928397,0,3,5,36
97,0.0,0.0,0.8341448538536855,0.16585514614631447,0,2,9,32
98,0.0,0.0,0.6288717012101813,0.3711282987898187,5,9,9,53
99,0.0,0.0,0.7065328981658471,0.29346710183415287,0,3,5,42
100,0.0,0.0,0.6817925153583715,0.3182074846416285,3,6,0,48
101,0.0,0.0,0.9304734460412851,0.06952655395871496,3,8,2,25
102,1.0,0.0,0.20931643493744329,0.790683565062557,0,0,6,64
103,0.0,0.0,0.9460940099732923,0.05390599002670757,4,6,6,36
104,0.0,0.0,0.9266323963716586,0.07336760362834126,3,9,5,32
105,0.0,0.0,0.8706239905421002,0.12937600945789987,4,6,6,42
106,0.0,0.0,0.8492133380366689,0.15078666196333135,3,6,6,42
107,0.0,0.0,0.7798268335283676,0.2201731664716326,2,0,6,42
108,0.0,0.0,0.71084999590222,0.28915000409778036,3,6,6,51
109,0.0,0.0,0.7288797433620363,0.2711202566379634,0,2,9,40
110,1.0,0.0,0.19095897747742774,0.8090410225225725,1,0,0,58
111,0.0,0.0,0.9156922182068257,0.08430778179317462,5,9,9,31
112,0.0,0.0,0.9078877451248566,0.09211225487514353,1,0,6,32
113,0.0,0.0,0.5167782487272207,0.48322175127277944,1,0,6,47
114,0.0,0.0,0.7997628391565231,0.20023716084347642,1,3,5,39
115,0.0,0.0,0.8299721073622685,0.17002789263773163,2,1,7,37
116,0.0,0.0,0.5611955739616639,0.4388044260383361,1,0,6,46
117,0.0,0.0,0.8694937126888515,0.13050628731114824,4,9,9,67
118,0.0,0.0,0.8438921316458163,0.15610786835418344,0,1,2,37
119,0.0,0.0,0.8788703701372184,0.12112962986278142,0,3,5,27
120,0.0,0.0,0.8321741558755249,0.16782584412447504,0,3,9,34
121,0.0,0.0,0.8428079314351499,0.15719206856485046,2,0,6,40
122,0.0,0.0,0.9005066221921489,0.09949337780785117,4,7,7,37
123,1.0,0.0,0.4117155648449689,0.5882844351550311,1,3,9,49
124,0.0,0.0,0.9273896253748554,0.07261037462514452,3,9,5,29
125,1.0,0.0,0.21866596338021707,0.7813340366197831,1,0,6,57
126,0.0,0.0,0.7082281889996722,0.2917718110003278,2,2,9,40
127,0.0,0.0,0.7721931699586072,0.2278068300413928,1,0,6,42
128,0.0,0.0,0.9432561279373463,0.05674387206265383,5,6,6,38
129,0.0,0.0,0.8696152940608383,0.13038470593916185,0,3,5,34
130,0.0,0.0,0.5124532637868217,0.4875467362131784,3,9,9,52
131,1.0,0.0,0.1657827298599356,0.8342172701400646,2,3,5,62
132,0.0,0.0,0.9509895044594227,0.04901049554057714,4,6,6,34
133,0.0,0.0,0.9233739401278,0.07662605987219993,4,9,5,29
134,0.0,0.0,0.8477447496484959,0.15225525035150445,3,9,9,39
135,0.0,0.0,0.738633072226284,0.26136692777371623,3,6,6,49
136,0.0,0.0,0.8351660321700888,0.16483396782991122,0,3,9,28
137,0.0,0.0,0.6279103591198222,0.3720896408801779,5,9,9,50
138,0.0,0.0,0.9030173210916946,0.09698267890830531,5,6,6,40
139,0.0,0.0,0.9151874004921084,0.0848125995078915,1,0,0,23
140,0.0,0.0,0.7240230269524747,0.2759769730475254,1,1,7,42
141,0.0,0.0,0.8877137273729693,0.11228627262703067,1,1,7,30
142,1.0,0.0,0.44325271844804326,0.5567472815519569,2,2,9,46
143,0.0,0.0,0.6679430793438401,0.3320569206561598,2,1,7,44
144,0.0,0.0,0.9516207119474085,0.04837928805259131,4,6,6,26
145,0.0,0.0,0.8959217854454776,0.10407821455452249,2,1,2,30
146,0.0,0.0,0.8876759847525735,0.11232401524742629,2,3,5,30
147,0.0,0.0,0.8776318781876669,0.12236812181233374,5,9,9,37
148,1.0,0.0,0.20859110362234012,0.7914088963776601,0,0,6,54
149,0.0,0.0,0.8570631626506457,0.14293683734935406,1,2,2,27
150,0.0,0.0,0.7680060818076817,0.231993918192318,3,8,2,62
151,0.0,0.0,0.715402815029866,0.284597184970134,1,2,9,40
152,0.0,0.0,0.83032487755907,0.16967512244092992,3,8,2,40
153,0.0,0.0,0.6792704240639422,0.32072957593605744,4,9,9,46
154,1.0,0.0,0.36468701808640897,0.6353129819135911,2,0,0,73
155,0.0,0.0,0.6908589764239521,0.30914102357604784,2,2,2,42
156,0.0,0.0,0.9381790108949718,0.06182098910502822,5,7,7,26
157,0.0,0.0,0.9481896876648969,0.051810312335102804,5,6,0,31
158,0.0,0.0,0.6845436085034041,0.31545639149659577,1,0,0,43
159,0.0,0.0,0.9236329255406726,0.07636707445932756,2,0,6,28
160,1.0,0.0,0.24304853980059316,0.7569514601994074,2,2,9,55
161,0.0,0.0,0.8448333660542342,0.15516663394576588,2,3,9,29
162,1.0,0.0,0.4175267428038887,0.5824732571961114,0,3,5,49
163,0.0,0.0,0.8309465904853091,0.169053409514691,1,3,9,30
164,0.0,0.0,0.893002536781664,0.10699746321833624,5,7,7,38
165,0.0,0.0,0.9137789425128524,0.08622105748714738,2,0,0,34
166,0.0,0.0,0.9266323963716586,0.07336760362834126,3,9,5,32
167,0.0,0.0,0.6423717632712482,0.35762823672875155,4,9,5,47
168,0.0,0.0,0.9092740453654513,0.09072595463454868,2,0,6,34
169,1.0,0.0,0.4973887813559126,0.5026112186440873,1,1,7,48
170,0.0,0.0,0.7637283256251847,0.2362716743748154,3,6,6,54
171,0.0,0.0,0.7063402690732815,0.2936597309267185,5,6,0,52
172,0.0,0.0,0.9490400739837033,0.05095992601629655,3,6,6,34
173,0.0,0.0,0.8699273534296157,0.1300726465703847,3,8,9,37
174,0.0,0.0,0.9138730225144909,0.08612697748550932,4,8,9,31
175,1.0,0.0,0.23269578123498863,0.7673042187650115,1,2,2,53
176,0.0,0.0,0.8938541573656622,0.1061458426343379,3,8,2,38
177,0.0,0.0,0.8492133380366689,0.15078666196333135,3,6,6,42
178,0.0,0.0,0.8926329810596418,0.10736701894035808,1,0,6,33
179,0.0,0.0,0.9151084898672375,0.08489151013276273,4,9,9,28
180,1.0,0.0,0.4614698609097829,0.538530139090217,2,2,9,49
181,0.0,0.0,0.7389934517386699,0.2610065482613303,4,6,6,49
182,0.0,0.0,0.9146614802876946,0.08533851971230569,5,9,5,18
183,0.0,0.0,0.6818301153894251,0.3181698846105746,3,9,5,43
184,0.0,0.0,0.8372736980076132,0.1627263019923868,1,3,9,25
185,0.0,0.0,0.9249662045739915,0.07503379542600866,2,0,6,25
186,0.0,0.0,0.9496712814716892,0.05032871852831072,3,6,6,28
187,1.0,0.0,0.4910802959304534,0.5089197040695467,3,9,9,54
188,0.0,0.0,0.9126873700669591,0.08731262993304123,5,9,9,33
189,0.0,0.0,0.9232541372644154,0.07674586273558463,5,9,5,32
190,0.0,0.0,0.8332321329859974,0.1667678670140027,1,3,9,34
191,0.0,0.0,0.9446694945236177,0.055330505476382276,5,6,6,37
192,0.0,0.0,0.8355701715470635,0.16442982845293652,1,2,9,31
193,0.0,0.0,0.6910854776482422,0.3089145223517576,3,8,2,44
194,0.0,0.0,0.715402815029866,0.284597184970134,1,3,9,40
195,0.0,0.0,0.8428079314351499,0.15719206856485046,2,0,6,40
196,0.0,0.0,0.8271372572882121,0.17286274271178803,0,2,2,20
197,0.0,0.0,0.6678941084012869,0.33210589159871307,2,2,2,44
198,0.0,0.0,0.701907158729709,0.29809284127029106,2,3,5,42
199,0.0,0.0,0.7972541361620205,0.2027458638379797,1,3,9,36
200,0.0,0.0,0.8217328136323557,0.17826718636764421,1,2,2,36
201,0.0,0.0,0.8352360176855029,0.1647639823144972,4,8,9,41
202,0.0,0.0,0.8787981369915618,0.12120186300843766,0,0,6,37
203,0.0,0.0,0.912919522843711,0.08708047715628885,3,8,9,74
204,1.0,0.0,0.31147767396783727,0.6885223260321631,1,1,2,51
205,0.0,0.0,0.9238361188960457,0.07616388110395456,5,9,9,23
206,0.0,0.0,0.7015139110160277,0.2984860889839722,5,8,9,57
207,0.0,0.0,0.9302108443802052,0.06978915561979503,5,9,5,22
208,0.0,0.0,0.6497199290237142,0.3502800709762856,4,7,2,46
209,0.0,0.0,0.8039878938386755,0.1960121061613243,0,2,2,39
210,0.0,0.0,0.935136545761554,0.064863454238446,4,7,7,34
211,0.0,0.0,0.9432724037264907,0.056727596273509005,5,6,0,36
212,0.0,0.0,0.9129395192142381,0.0870604807857619,5,9,5,35
213,0.0,0.0,0.8217328136323557,0.17826718636764421,1,2,2,36
214,1.0,0.0,0.19170915158230398,0.8082908484176966,2,1,7,55
215,0.0,0.0,0.9301475477459634,0.0698524522540362,3,6,6,67
216,0.0,0.0,0.8877137273729693,0.11228627262703067,1,1,7,29
217,0.0,0.0,0.9151084898672375,0.08489151013276273,4,8,9,30
218,1.0,0.0,0.41100161973317434,0.5889983802668257,0,2,2,48
219,0.0,0.0,0.8082184186705245,0.19178158132947565,0,3,9,36
220,0.0,0.0,0.740433695146772,0.25956630485322774,5,9,9,44
221,0.0,0.0,0.8692441615198229,0.1307558384801767,1,3,5,26
222,0.0,0.0,0.779107084118127,0.22089291588187301,2,3,9,37
223,0.0,0.0,0.6995386307829838,0.3004613692170158,3,8,2,58
224,0.0,0.0,0.8082184186705245,0.19178158132947565,0,3,9,36
225,1.0,0.0,0.2626698429190693,0.7373301570809307,2,3,9,52
226,0.0,0.0,0.6994654856641002,0.3005345143358997,4,6,0,54
227,0.0,0.0,0.9196252241767158,0.0803747758232843,3,8,9,28
228,1.0,0.0,0.18343946632973868,0.8165605336702615,0,0,0,62
229,0.0,0.0,0.7197841996397,0.28021580036029975,3,9,9,43
230,0.0,0.0,0.8819102723776627,0.11808972762233721,2,0,6,39
231,0.0,0.0,0.7157893713082357,0.2842106286917642,5,9,5,43
232,0.0,0.0,0.9196252241767158,0.0803747758232843,3,8,9,30
233,0.0,0.0,0.9489469166680936,0.051053083331906064,5,6,0,23
234,1.0,0.0,0.20524238828513464,0.7947576117148657,2,0,6,59
235,0.0,0.0,0.8020045229589924,0.19799547704100803,2,0,6,41
236,0.0,0.0,0.8431581904413197,0.1568418095586803,0,2,9,27
237,0.0,0.0,0.7320410343794479,0.267958965620552,5,6,6,49
238,0.0,0.0,0.9425151747917363,0.05748482520826374,4,6,6,38
239,0.0,0.0,0.9184898909549374,0.08151010904506265,2,0,6,32
240,0.0,0.0,0.7586759966512682,0.24132400334873202,1,2,9,38
241,1.0,0.0,0.24760728262987006,0.7523927173701301,0,0,0,70
242,0.0,0.0,0.7082281889996722,0.2917718110003278,2,3,9,40
243,0.0,0.0,0.9103293567427524,0.0896706432572479,1,0,6,29
244,0.0,0.0,0.736076803742441,0.2639231962575589,4,6,0,45
245,0.0,0.0,0.9030173210916946,0.09698267890830531,5,6,6,40
246,0.0,0.0,0.8999331822720228,0.10006681772797738,5,7,2,37
247,0.0,0.0,0.8513651473762757,0.14863485262372444,4,6,6,45
248,0.0,0.0,0.9069128237488522,0.09308717625114808,5,7,2,38
249,1.0,0.0,0.21070270574545208,0.7892972942545481,2,0,6,57
250,0.0,0.0,0.5570576576518005,0.4429423423481996,5,8,2,55
251,0.0,0.0,0.8322443992287272,0.16775560077127263,2,3,5,36
252,0.0,0.0,0.9158037061234533,0.08419629387654678,4,9,5,34
253,1.0,0.0,0.20414682557441086,0.7958531744255898,1,3,9,56
254,0.0,0.0,0.8721424583940757,0.12785754160592422,1,0,6,39
255,0.0,0.0,0.8393203188551561,0.16067968114484388,2,1,2,38
256,1.0,0.0,0.16379373293693772,0.8362062670630628,0,1,7,59
257,0.0,0.0,0.7386507835586933,0.26134921644130654,1,0,6,43
258,0.0,0.0,0.8489181942726904,0.15108180572730953,2,2,9,27
259,1.0,0.0,0.44918138071693664,0.5508186192830634,0,1,7,45
260,0.0,0.0,0.904151832188465,0.09584816781153542,5,9,9,35
261,0.0,0.0,0.6065654710525892,0.3934345289474106,4,9,9,50
262,0.0,0.0,0.9494519837793339,0.05054801622066583,3,6,6,33
263,0.0,0.0,0.9347461807842824,0.0652538192157174,4,6,6,39
264,1.0,0.0,0.4963012896836191,0.503698710316381,1,2,2,46
265,0.0,0.0,0.6686370513900479,0.33136294860995186,1,3,9,42
266,0.0,0.0,0.8492133380366689,0.15078666196333135,3,6,6,42
267,0.0,0.0,0.7822916146643074,0.2177083853356929,1,3,9,37
268,0.0,0.0,0.6657675567382668,0.3342324432617329,2,3,9,39
269,0.0,0.0,0.790020659542312,0.20997934045768793,5,6,6,48
270,1.0,0.0,0.24906492473070696,0.7509350752692935,2,2,9,54
271,0.0,0.0,0.9508634829442117,0.04913651705578805,5,6,6,31
272,0.0,0.0,0.5917603203676102,0.40823967963239,0,2,9,43
273,1.0,0.0,0.2571356222103059,0.7428643777896943,2,0,6,52
274,0.0,0.0,0.9138730225144909,0.08612697748550932,4,8,9,32
275,0.0,0.0,0.6922739368442918,0.3077260631557079,4,6,0,47
276,0.0,0.0,0.9184898909549374,0.08151010904506265,2,0,6,32
277,0.0,0.0,0.7123200720918307,0.2876799279081695,2,3,9,41
278,0.0,0.0,0.9183897568239692,0.08161024317603088,3,8,9,31
279,0.0,0.0,0.7605011597354903,0.23949884026450952,3,7,7,52
280,0.0,0.0,0.8372736980076132,0.1627263019923868,1,2,9,26
281,0.0,0.0,0.8423468905291805,0.15765310947081945,1,0,6,40
282,1.0,0.0,0.18631184808998102,0.8136881519100192,2,2,9,61
283,0.0,0.0,0.8944829571889268,0.10551704281107285,0,0,0,35
284,0.0,0.0,0.9100193360989658,0.08998066390103437,0,0,6,24
285,0.0,0.0,0.6552493774262724,0.3447506225737274,4,9,9,47
286,0.0,0.0,0.9410441611902252,0.058955838809774785,5,6,6,71
287,1.0,0.0,0.4569518719073528,0.5430481280926472,1,2,9,47
288,0.0,0.0,0.8352194346127323,0.16478056538726768,0,2,9,31
289,0.0,0.0,0.9109409664148749,0.08905903358512496,0,0,0,34
290,0.0,0.0,0.8309465904853091,0.169053409514691,1,3,9,29
291,0.0,0.0,0.8825692822950618,0.11743071770493828,1,1,7,25
292,1.0,0.0,0.190282938746764,0.8097170612532361,0,2,9,53
293,0.0,0.0,0.6741385303512901,0.3258614696487098,3,9,9,44
294,0.0,0.0,0.8448333660542342,0.15516663394576588,2,3,9,30
295,0.0,0.0,0.8919679157068512,0.10803208429314895,4,7,7,38
296,0.0,0.0,0.9226922434997441,0.07730775650025572,4,8,2,30
297,0.0,0.0,0.8281027888835287,0.17189721111647122,1,3,5,37
298,0.0,0.0,0.6746244547957204,0.32537554520427947,2,3,9,42
299,0.0,0.0,0.6354524977734267,0.36454750222657334,5,9,5,56
300,1.0,0.0,0.3777094772408451,0.622290522759155,0,2,9,48
301,0.0,0.0,0.9460940099732923,0.05390599002670757,5,6,6,36
302,0.0,0.0,0.7850127338142185,0.21498726618578134,0,3,9,38
303,0.0,0.0,0.9090049674304241,0.09099503256957578,4,9,9,72
304,0.0,0.0,0.5525475341478393,0.4474524658521606,3,8,9,51
305,0.0,0.0,0.8522374246584061,0.14776257534159418,4,9,9,39
306,0.0,0.0,0.9390329341783734,0.060967065821626525,3,7,7,31
307,0.0,0.0,0.5812201610748463,0.4187798389251537,4,9,9,53
308,0.0,0.0,0.948770079775262,0.051229920224737796,3,6,0,27
309,0.0,0.0,0.8694937126888515,0.13050628731114824,4,8,9,67
310,1.0,0.0,0.24233359617916062,0.7576664038208396,1,2,9,52
311,0.0,0.0,0.779107084118127,0.22089291588187301,2,2,9,37
312,0.0,0.0,0.8445246326410952,0.15547536735890477,0,2,9,26
313,0.0,0.0,0.7115525996070086,0.2884474003929914,5,8,9,47
314,0.0,0.0,0.9181652581310054,0.08183474186899463,3,8,2,33
315,0.0,0.0,0.8448333660542342,0.15516663394576588,2,3,9,29
316,0.0,0.0,0.92540370834672,0.07459629165328004,5,9,5,26
317,0.0,0.0,0.9183897568239692,0.08161024317603088,3,9,9,32
318,0.0,0.0,0.7185316739371723,0.2814683260628278,5,8,9,46
319,0.0,0.0,0.779107084118127,0.22089291588187301,2,3,9,37
320,0.0,0.0,0.9514014142550533,0.04859858574494641,5,6,6,33
321,0.0,0.0,0.9516207119474085,0.04837928805259131,4,6,6,28
322,0.0,0.0,0.8117610185323436,0.1882389814676567,2,0,0,41
323,0.0,0.0,0.8573488216162365,0.14265117838376354,4,6,6,43
324,0.0,0.0,0.8926329810596418,0.10736701894035808,1,0,6,33
325,0.0,0.0,0.7164773029096895,0.2835226970903101,0,2,9,41
326,0.0,0.0,0.8642903002487179,0.135709699751282,0,2,2,26
327,0.0,0.0,0.9410441611902252,0.058955838809774785,5,6,6,85
328,0.0,0.0,0.7265973529248161,0.27340264707518336,3,8,9,58
329,0.0,0.0,0.6010530052685019,0.3989469947314983,1,2,9,44
330,0.0,0.0,0.8358168618336649,0.16418313816633506,1,3,9,33
331,0.0,0.0,0.9118358940755766,0.08816410592442368,0,0,6,28
332,0.0,0.0,0.6686984473756933,0.33130155262430677,3,7,2,43
333,0.0,0.0,0.8333215345624332,0.1666784654375667,0,3,9,30
334,0.0,0.0,0.9516207119474085,0.04837928805259131,4,6,6,28
335,0.0,0.0,0.7082281889996722,0.2917718110003278,2,2,9,40
336,1.0,0.0,0.3167125910143702,0.6832874089856301,1,3,5,51
337,0.0,0.0,0.8647319996607804,0.13526800033921965,2,2,2,33
338,1.0,0.0,0.21927344236758434,0.7807265576324158,1,0,6,56
339,0.0,0.0,0.9169276855595723,0.08307231444042802,5,8,9,28
340,0.0,0.0,0.7123200720918307,0.2876799279081695,2,3,9,41
341,0.0,0.0,0.8423468905291805,0.15765310947081945,1,0,6,40
342,0.0,0.0,0.6932139317836814,0.3067860682163189,5,8,9,45
343,1.0,0.0,0.18631184808998102,0.8136881519100192,2,2,9,60
344,1.0,0.0,0.4826442992969927,0.5173557007030074,3,8,9,53
345,1.0,0.0,0.23409724686382993,0.7659027531361702,1,0,6,66
346,1.0,0.0,0.22395369551968883,0.7760463044803113,1,0,6,54
347,0.0,0.0,0.8393203188551561,0.16067968114484388,2,1,2,38
348,0.0,0.0,0.8461893976047883,0.15381060239521177,2,2,9,33
349,0.0,0.0,0.5940228882590501,0.4059771117409499,2,2,9,44
350,0.0,0.0,0.6631884874491282,0.33681151255087177,3,9,5,57
351,0.0,0.0,0.8813231391179019,0.11867686088209811,3,9,5,39
352,0.0,0.0,0.8351660321700888,0.16483396782991122,0,3,9,28
353,1.0,0.0,0.22939524471061198,0.7706047552893881,1,1,7,53
354,0.0,0.0,0.9405802975849824,0.0594197024150174,3,6,6,71
355,0.0,0.0,0.9191762955366485,0.08082370446335141,1,0,0,27
356,1.0,0.0,0.1717780201039017,0.8282219798960985,1,2,2,56
357,0.0,0.0,0.5812201610748463,0.4187798389251537,4,9,9,53
358,0.0,0.0,0.9419865041348946,0.05801349586510525,3,6,0,36
359,0.0,0.0,0.6672149696735705,0.33278503032642925,4,8,2,43
360,0.0,0.0,0.8699273534296157,0.1300726465703847,3,8,9,37
361,1.0,0.0,0.23962802819827833,0.7603719718017223,1,2,9,55
362,0.0,0.0,0.9516207119474085,0.04837928805259131,4,6,6,30
363,0.0,0.0,0.8355701715470635,0.16442982845293652,1,3,9,31
364,0.0,0.0,0.6636616136738511,0.3363383863261488,2,1,2,43
365,0.0,0.0,0.7821790799982069,0.21782092000179276,3,7,7,57
366,0.0,0.0,0.5975246661877837,0.40247533381221634,2,3,9,43
367,0.0,0.0,0.9357929214257078,0.06420707857429223,3,7,7,26
368,0.0,0.0,0.8476413612863741,0.15235863871362582,5,9,5,40
369,0.0,0.0,0.941225361296503,0.058774638703497,3,6,6,37
370,0.0,0.0,0.9053897408448246,0.0946102591551754,3,6,6,18
371,0.0,0.0,0.9389970027164541,0.06100299728354563,5,6,0,37
372,0.0,0.0,0.8875554486456844,0.11244455135431569,1,1,7,31
373,0.0,0.0,0.715402815029866,0.284597184970134,1,2,9,40
374,1.0,0.0,0.39850399640554535,0.6014960035944548,2,0,6,50
375,1.0,0.0,0.4498808003013061,0.5501191996986938,0,3,9,46
376,0.0,0.0,0.8995326138078994,0.10046738619210073,3,7,2,37
377,0.0,0.0,0.5841049312685656,0.41589506873143445,4,9,9,56
378,0.0,0.0,0.9382560495708442,0.061743950429155536,4,6,0,37
379,0.0,0.0,0.8882188094462391,0.11178119055376073,2,3,5,23
380,1.0,0.0,0.4509169545083406,0.5490830454916593,2,2,9,48
381,0.0,0.0,0.9091377245153874,0.09086227548461279,1,0,6,31
382,0.0,0.0,0.9496712814716892,0.05032871852831072,3,6,6,22
383,0.0,0.0,0.9466015724046448,0.053398427595355,3,6,6,35
384,0.0,0.0,0.5957754444109572,0.40422455558904263,3,7,2,46
385,0.0,0.0,0.6219701611028958,0.3780298388971041,5,9,5,51
386,0.0,0.0,0.8448333660542342,0.15516663394576588,2,3,9,29
387,0.0,0.0,0.5781602651200712,0.4218397348799288,5,8,2,51
388,0.0,0.0,0.8448333660542342,0.15516663394576588,2,3,9,29
389,0.0,0.0,0.705069704308539,0.2949302956914609,1,2,9,39
390,0.0,0.0,0.9516207119474085,0.04837928805259131,4,6,6,23
391,0.0,0.0,0.8309465904853091,0.169053409514691,1,3,9,29
392,0.0,0.0,0.9102578844801434,0.08974211551985677,5,9,9,34
393,1.0,0.0,0.3167125910143702,0.6832874089856301,1,3,5,51
394,1.0,0.0,0.17379685179728266,0.8262031482027177,0,2,9,57
395,0.0,0.0,0.9516207119474085,0.04837928805259131,5,6,6,29
396,0.0,0.0,0.6995386307829838,0.3004613692170158,3,8,2,58
397,0.0,0.0,0.9439285413780079,0.056071458621992185,4,6,6,37
398,0.0,0.0,0.736076803742441,0.2639231962575589,4,6,0,45
399,0.0,0.0,0.9138730225144909,0.08612697748550932,4,9,9,32
400,0.0,0.0,0.8690914600817043,0.13090853991829562,2,3,5,33
401,1.0,0.0,0.20414682557441086,0.7958531744255898,1,2,9,56
402,0.0,0.0,0.7799068048873465,0.2200931951126535,1,0,0,42
403,1.0,0.0,0.18055567288487087,0.8194443271151295,0,2,9,59
404,0.0,0.0,0.7682452786592069,0.23175472134079317,5,7,2,44
405,1.0,0.0,0.47930503654703244,0.5206949634529675,0,1,2,46
406,0.0,0.0,0.6065654710525892,0.3934345289474106,4,8,9,50
407,0.0,0.0,0.9129395192142381,0.0870604807857619,5,9,5,35
408,0.0,0.0,0.9226167111246033,0.07738328887539667,4,9,5,31
409,0.0,0.0,0.7599931819112572,0.2400068180887426,3,7,2,60
410,0.0,0.0,0.6469958683617761,0.3530041316382239,5,8,9,49
411,0.0,0.0,0.9439285413780079,0.056071458621992185,4,6,6,37
412,0.0,0.0,0.9516207119474085,0.04837928805259131,4,6,6,24
413,1.0,0.0,0.23072713089158486,0.7692728691084154,1,2,9,53
414,0.0,0.0,0.8882631273712289,0.1117368726287709,2,3,5,20
415,1.0,0.0,0.4194692593623,0.5805307406377,1,3,9,48
416,0.0,0.0,0.9091377245153874,0.09086227548461279,1,0,6,31
417,1.0,0.0,0.1756088762391954,0.824391123760805,0,2,9,56
418,0.0,0.0,0.9267079287467996,0.07329207125320032,3,8,2,28
419,0.0,0.0,0.8692441615198229,0.1307558384801767,1,3,5,26
420,1.0,0.0,0.2220355668647181,0.7779644331352822,1,0,6,55
421,0.0,0.0,0.8947518639587133,0.1052481360412865,0,0,6,33
422,0.0,0.0,0.8477447496484959,0.15225525035150445,3,9,9,39
423,0.0,0.0,0.6926936765813781,0.30730632341862196,1,3,5,44
424,1.0,0.0,0.22164526636115325,0.7783547336388469,2,2,2,53
425,0.0,0.0,0.8921546908708722,0.10784530912912745,2,0,6,37
426,0.0,0.0,0.8355701715470635,0.16442982845293652,1,3,9,32
427,1.0,0.0,0.2248555352453598,0.7751444647546404,2,0,6,55
428,0.0,0.0,0.7728463677253642,0.22715363227463584,3,6,6,47
429,1.0,0.0,0.3748073825897327,0.6251926174102675,2,2,9,51
430,0.0,0.0,0.5713775112020117,0.42862248879798814,0,0,6,47
431,0.0,0.0,0.9446694945236177,0.055330505476382276,5,6,6,37
432,0.0,0.0,0.9487276189757384,0.05127238102426117,4,6,0,33
433,0.0,0.0,0.8242084576914283,0.1757915423085719,5,9,5,62
434,1.0,0.0,0.4498808003013061,0.5501191996986938,0,3,9,46
435,1.0,0.0,0.34217048487099416,0.6578295151290058,2,0,6,68
436,0.0,0.0,0.7492162367792723,0.2507837632207279,2,2,9,38
437,0.0,0.0,0.8689441723590352,0.13105582764096466,0,2,2,28
438,0.0,0.0,0.6570755480098899,0.3429244519901101,0,2,2,44
439,0.0,0.0,0.9174763716319688,0.08252362836803147,5,7,2,77
440,0.0,0.0,0.9151084898672375,0.08489151013276273,4,9,9,30
441,0.0,0.0,0.8020045229589924,0.19799547704100803,2,0,6,41
442,0.0,0.0,0.8677185364659757,0.13228146353402415,2,2,2,24
443,0.0,0.0,0.7043639234642207,0.2956360765357794,3,7,2,44
444,0.0,0.0,0.5718901277401767,0.4281098722598235,0,3,9,44
445,0.0,0.0,0.8430344679459328,0.15696553205406702,3,8,2,41
446,1.0,0.0,0.18631184808998102,0.8136881519100192,2,3,9,59
447,0.0,0.0,0.8381567971179336,0.16184320288206677,1,3,9,20
448,1.0,0.0,0.45288929322356936,0.5471107067764308,2,2,9,45
449,0.0,0.0,0.5917603203676102,0.40823967963239,0,2,9,43
450,0.0,0.0,0.9164411322632654,0.08355886773673477,5,9,5,34
451,0.0,0.0,0.7721931699586072,0.2278068300413928,1,0,6,42
452,0.0,0.0,0.9183897568239692,0.08161024317603088,3,9,9,32
453,0.0,0.0,0.8836094142599129,0.11639058574008673,0,0,6,36
454,0.0,0.0,0.8690914600817043,0.13090853991829562,2,3,5,33
455,0.0,0.0,0.839970841517053,0.16002915848294713,2,2,9,23
456,0.0,0.0,0.9508634829442117,0.04913651705578805,5,6,6,32
457,1.0,0.0,0.18862005108249322,0.8113799489175072,0,2,9,70
458,0.0,0.0,0.8680182252387074,0.1319817747612926,1,1,7,33
459,1.0,0.0,0.190282938746764,0.8097170612532361,0,3,9,53
460,0.0,0.0,0.8492133380366689,0.15078666196333135,3,6,6,42
461,0.0,0.0,0.9489140524684925,0.05108594753150746,3,6,6,32
462,1.0,0.0,0.25106233351858626,0.7489376664814138,0,3,5,51
463,0.0,0.0,0.6657675567382668,0.3342324432617329,2,2,9,39
464,0.0,0.0,0.9432561279373463,0.05674387206265383,5,6,6,38
465,0.0,0.0,0.8853929077115452,0.11460709228845484,4,9,5,39
466,0.0,0.0,0.7620180148235077,0.2379819851764917,5,8,2,42
467,1.0,0.0,0.200263773007417,0.7997362269925833,2,0,0,59
468,1.0,0.0,0.1657827298599356,0.8342172701400646,2,3,5,62
469,1.0,0.0,0.15400369979050688,0.8459963002094933,0,3,5,64
470,0.0,0.0,0.8720591078677239,0.12794089213227575,0,0,6,38
471,0.0,0.0,0.8876759847525735,0.11232401524742629,2,3,5,30
472,0.0,0.0,0.9489469166680936,0.051053083331906064,4,6,0,25
473,1.0,0.0,0.3123512490626989,0.6876487509373014,0,0,6,51
474,0.0,0.0,0.7620180148235077,0.2379819851764917,5,8,2,42
475,0.0,0.0,0.7492162367792723,0.2507837632207279,2,2,9,38
476,0.0,0.0,0.6137881106306412,0.3862118893693588,0,0,6,45
477,0.0,0.0,0.8333215345624332,0.1666784654375667,0,3,9,30
478,0.0,0.0,0.684969109436475,0.3150308905635244,2,0,0,44
479,0.0,0.0,0.8793328810908378,0.12066711890916187,2,3,5,25
480,0.0,0.0,0.8876759847525735,0.11232401524742629,2,3,5,28
481,0.0,0.0,0.7492162367792723,0.2507837632207279,2,2,9,38
482,0.0,0.0,0.6168839828446856,0.3831160171553144,5,8,2,48
483,0.0,0.0,0.8826476406058805,0.11735235939411898,1,0,6,37
484,0.0,0.0,0.6685362865022614,0.33146371349773845,1,0,0,44
485,1.0,0.0,0.20859110362234012,0.7914088963776601,0,0,6,54
486,0.0,0.0,0.90940898836684,0.09059101163316026,0,0,6,31
487,0.0,0.0,0.7964937780989066,0.20350622190109352,4,6,6,54
488,0.0,0.0,0.9266323963716586,0.07336760362834126,3,9,5,31
489,0.0,0.0,0.7336595852111673,0.2663404147888327,3,6,0,45
490,0.0,0.0,0.8951471120303508,0.1048528879696489,2,0,6,36
491,1.0,0.0,0.22310332362780574,0.7768966763721944,2,1,2,53
492,1.0,0.0,0.24210033589305913,0.7578996641069411,2,3,9,53
493,0.0,0.0,0.705069704308539,0.2949302956914609,1,3,9,39
494,0.0,0.0,0.9025819555666255,0.09741804443337443,0,0,6,34
495,0.0,0.0,0.9466015724046448,0.053398427595355,3,6,6,35
496,0.0,0.0,0.7123200720918307,0.2876799279081695,2,2,9,41
497,0.0,0.0,0.68786078846522,0.31213921153477975,0,1,7,44
498,0.0,0.0,0.9196252241767158,0.0803747758232843,3,9,9,30
499,0.0,0.0,0.9106006205942049,0.08939937940579537,0,0,6,30
500,1.0,0.0,0.1738890062182042,0.8261109937817962,0,3,9,60
501,0.0,0.0,0.8461893976047883,0.15381060239521177,2,2,9,33
502,0.0,0.0,0.9151084898672375,0.08489151013276273,4,8,9,30
503,0.0,0.0,0.7617714558088832,0.23822854419111683,5,8,9,43
504,0.0,0.0,0.7164773029096895,0.2835226970903101,0,3,9,41
505,0.0,0.0,0.8410673455707901,0.15893265442920979,1,3,5,23
506,0.0,0.0,0.6205152105653771,0.3794847894346228,3,8,2,47
507,0.0,0.0,0.6178149127011786,0.38218508729882134,5,9,9,52
508,0.0,0.0,0.6469958683617761,0.3530041316382239,5,9,9,49
509,0.0,0.0,0.9223976520593008,0.07760234794069926,2,0,6,29
510,0.0,0.0,0.8428079314351499,0.15719206856485046,2,0,6,40
511,0.0,0.0,0.6741385303512901,0.3258614696487098,3,8,9,44
512,0.0,0.0,0.8404497256679132,0.1595502743320866,0,3,5,37
513,0.0,0.0,0.9318738822137034,0.06812611778629685,3,9,5,23
514,0.0,0.0,0.7240230269524747,0.2759769730475254,1,1,7,42
515,1.0,0.0,0.4881458479635885,0.5118541520364116,3,9,9,55
516,0.0,0.0,0.7265973529248161,0.27340264707518336,3,9,9,58
517,0.0,0.0,0.7603218121809858,0.2396781878190145,5,6,0,44
518,1.0,0.0,0.28492910041466346,0.7150708995853369,0,2,9,51
519,0.0,0.0,0.9347193065368145,0.06528069346318568,5,7,7,33
520,0.0,0.0,0.8944829571889268,0.10551704281107285,0,0,0,35
521,0.0,0.0,0.9375836361301826,0.062416363869817186,5,6,0,38
522,0.0,0.0,0.8957183066535945,0.10428169334640572,3,9,5,38
523,0.0,0.0,0.8699273534296157,0.1300726465703847,3,9,9,37
524,0.0,0.0,0.9218295474324562,0.07817045256754374,4,8,2,27
525,0.0,0.0,0.7907743750284453,0.20922562497155472,1,2,9,22
526,0.0,0.0,0.9220169232037111,0.07798307679628926,4,8,9,22
527,0.0,0.0,0.6070179706123651,0.3929820293876348,4,9,5,55
528,0.0,0.0,0.744242582068632,0.25575741793136797,0,0,6,43
529,0.0,0.0,0.7586759966512682,0.24132400334873202,1,3,9,38
530,0.0,0.0,0.7298146514016595,0.27018534859834054,4,7,7,49
531,0.0,0.0,0.8098516476701502,0.19014835232984964,3,7,7,40
532,0.0,0.0,0.779107084118127,0.22089291588187301,2,2,9,37
533,0.0,0.0,0.9008194291481177,0.09918057085188246,3,9,9,35
534,0.0,0.0,0.6685362865022614,0.33146371349773845,1,0,0,44
535,0.0,0.0,0.8332321329859974,0.1667678670140027,1,3,9,34
536,0.0,0.0,0.5167782487272207,0.48322175127277944,1,0,6,47
537,0.0,0.0,0.8458895448318182,0.1541104551681818,2,3,9,32
538,0.0,0.0,0.8352194346127323,0.16478056538726768,0,2,9,31
539,0.0,0.0,0.9156922182068257,0.08430778179317462,5,9,9,32
540,0.0,0.0,0.7954049276210833,0.20459507237891666,4,7,7,44
541,0.0,0.0,0.61775384227237,0.3822461577276301,5,8,9,51
542,0.0,0.0,0.8443169443187546,0.1556830556812453,0,2,2,25
543,0.0,0.0,0.9138730225144909,0.08612697748550932,4,9,9,32
544,0.0,0.0,0.7197841996397,0.28021580036029975,3,9,9,43
545,0.0,0.0,0.8703007186364577,0.1296992813635426,3,6,6,41
546,1.0,0.0,0.4498808003013061,0.5501191996986938,0,3,9,46
547,0.0,0.0,0.8584745753950355,0.14152542460496448,0,2,2,33
548,0.0,0.0,0.6070179706123651,0.3929820293876348,4,9,5,55
549,0.0,0.0,0.8285337053198962,0.17146629468010396,1,1,7,35
550,0.0,0.0,0.9138730225144909,0.08612697748550932,4,9,9,31
551,0.0,0.0,0.8787827541040487,0.12121724589595141,4,6,6,41
552,1.0,0.0,0.17117525435076325,0.8288247456492371,0,1,2,62
553,1.0,0.0,0.16114887187879995,0.8388511281212001,0,2,2,54
554,1.0,0.0,0.41100161973317434,0.5889983802668257,0,2,2,48
555,0.0,0.0,0.9267079287467996,0.07329207125320032,3,8,2,28
556,0.0,0.0,0.6817252379100691,0.3182747620899309,2,3,5,44
557,0.0,0.0,0.6906752364937472,0.30932476350625293,2,3,5,43
558,0.0,0.0,0.8513651473762757,0.14863485262372444,4,6,6,45
559,0.0,0.0,0.9490400739837033,0.05095992601629655,3,6,6,34
560,0.0,0.0,0.5027800040073718,0.4972199959926283,0,2,2,45
561,0.0,0.0,0.921206019831936,0.07879398016806416,2,0,6,31
562,1.0,0.0,0.44931089683140946,0.5506891031685908,2,2,2,48
563,1.0,0.0,0.3777094772408451,0.622290522759155,0,3,9,48
564,0.0,0.0,0.6673294699621437,0.3326705300378562,0,1,7,43
565,0.0,0.0,0.8720591078677239,0.12794089213227575,0,0,6,38
566,0.0,0.0,0.7177133803946739,0.2822866196053259,4,9,5,44
567,0.0,0.0,0.8387457998733595,0.16125420012664077,0,0,6,41
568,0.0,0.0,0.7972541361620205,0.2027458638379797,1,2,9,36
569,0.0,0.0,0.8241900354619668,0.17580996453803313,5,9,9,42
570,0.0,0.0,0.9460940099732923,0.05390599002670757,5,6,6,36
571,0.0,0.0,0.6686370513900479,0.33136294860995186,1,2,9,42
572,0.0,0.0,0.9496712814716892,0.05032871852831072,3,6,6,26
573,0.0,0.0,0.6243078246600751,0.37569217533992494,1,3,9,43
574,0.0,0.0,0.8706239905421002,0.12937600945789987,4,6,6,42
575,0.0,0.0,0.8381060349912672,0.1618939650087332,4,9,9,40
576,0.0,0.0,0.9460940099732923,0.05390599002670757,4,6,6,36
577,0.0,0.0,0.6686370513900479,0.33136294860995186,1,3,9,42
578,0.0,0.0,0.9226620844940336,0.07733791550596666,4,9,9,19
579,0.0,0.0,0.8337328701434922,0.166267129856508,2,1,7,36
580,1.0,0.0,0.2531382660084011,0.7468617339915988,0,0,6,52
581,0.0,0.0,0.9156484012833022,0.08435159871669747,4,9,5,71
582,0.0,0.0,0.8485097890161891,0.15149021098381107,5,6,0,42
583,0.0,0.0,0.9261765957152838,0.07382340428471608,2,0,0,28
584,0.0,0.0,0.9184784534906307,0.0815215465093695,3,8,9,26
585,1.0,0.0,0.4117155648449689,0.5882844351550311,1,2,9,49
586,0.0,0.0,0.8344169503298816,0.16558304967011817,2,3,5,38
587,0.0,0.0,0.8569698005959862,0.14303019940401385,5,9,9,41
588,0.0,0.0,0.5386420542538265,0.46135794574617334,2,1,2,45
589,0.0,0.0,0.779107084118127,0.22089291588187301,2,3,9,37
590,0.0,0.0,0.8219466389572774,0.1780533610427227,1,0,0,41
591,0.0,0.0,0.9183897568239692,0.08161024317603088,3,9,9,32
592,0.0,0.0,0.8069387377833985,0.19306126221660133,4,7,2,42
593,0.0,0.0,0.7758887663511703,0.2241112336488299,2,0,0,42
594,1.0,0.0,0.46483759276720227,0.5351624072327976,2,2,9,47
595,0.0,0.0,0.9435355167988085,0.05646448320119151,3,6,6,36
596,1.0,0.0,0.25037083776084496,0.7496291622391553,0,1,2,51
597,0.0,0.0,0.6218440385854157,0.37815596141458435,1,0,0,45
598,0.0,0.0,0.7713615017198294,0.2286384982801707,1,1,7,40
599,1.0,0.0,0.21080180484455116,0.789198195155449,2,0,6,56
600,0.0,0.0,0.9375836361301826,0.062416363869817186,5,6,0,38
601,0.0,0.0,0.8321741558755249,0.16782584412447504,0,2,9,34
602,0.0,0.0,0.9347461807842824,0.0652538192157174,4,6,6,39
603,0.0,0.0,0.5718901277401767,0.4281098722598235,0,2,9,44
604,1.0,0.0,0.2542114078344786,0.7457885921655216,2,0,6,53
605,1.0,0.0,0.44325271844804326,0.5567472815519569,2,3,9,46
606,0.0,0.0,0.8648602956141204,0.13513970438587972,2,2,2,34
607,1.0,0.0,0.190282938746764,0.8097170612532361,0,2,9,53
608,0.0,0.0,0.7843269633941887,0.21567303660581133,5,6,6,55
609,0.0,0.0,0.921206019831936,0.07879398016806416,2,0,6,31
610,1.0,0.0,0.4194692593623,0.5805307406377,1,3,9,48
611,0.0,0.0,0.83025089251231,0.16974910748768976,1,3,5,35
612,0.0,0.0,0.9005851584505074,0.09941484154949246,2,0,0,38
613,0.0,0.0,0.9103293567427524,0.0896706432572479,1,0,6,30
614,0.0,0.0,0.670383503147434,0.3296164968525659,3,9,9,45
615,0.0,0.0,0.8628731545749041,0.13712684542509604,0,2,2,34
616,0.0,0.0,0.9489469166680936,0.051053083331906064,5,6,0,30
617,0.0,0.0,0.871457557439664,0.1285424425603356,1,3,5,27
618,0.0,0.0,0.9091377245153874,0.09086227548461279,1,0,6,31
619,0.0,0.0,0.7728463677253642,0.22715363227463584,3,6,6,47
620,0.0,0.0,0.9302108443802052,0.06978915561979503,5,9,5,23
621,0.0,0.0,0.9106697025634223,0.0893302974365775,1,0,0,34
622,0.0,0.0,0.8404497256679132,0.1595502743320866,0,3,5,37
623,0.0,0.0,0.7681042777168416,0.23189572228315836,0,0,0,42
624,0.0,0.0,0.8333215345624332,0.1666784654375667,0,3,9,30
625,1.0,0.0,0.4561402899268888,0.5438597100731113,1,3,5,49
626,0.0,0.0,0.8776318781876669,0.12236812181233374,5,9,9,37
627,1.0,0.0,0.3123512490626989,0.6876487509373014,0,0,6,51
628,0.0,0.0,0.8826476406058805,0.11735235939411898,1,0,6,37
629,0.0,0.0,0.7123200720918307,0.2876799279081695,2,3,9,41
630,0.0,0.0,0.8477447496484959,0.15225525035150445,3,9,9,39
631,0.0,0.0,0.924766282206908,0.07523371779309207,4,9,5,26
632,0.0,0.0,0.8876526869923336,0.11234731300766657,5,6,6,41
633,0.0,0.0,0.8219466389572774,0.1780533610427227,1,0,0,41
634,0.0,0.0,0.7157212446761975,0.2842787553238025,5,6,0,51
635,0.0,0.0,0.663416518872467,0.3365834811275328,4,9,5,46
636,0.0,0.0,0.8826476406058805,0.11735235939411898,1,0,6,37
637,0.0,0.0,0.5613837928011378,0.43861620719886196,0,0,0,48
638,1.0,0.0,0.23962802819827833,0.7603719718017223,1,2,9,55
639,0.0,0.0,0.941225361296503,0.058774638703497,3,6,6,37
640,1.0,0.0,0.23005120735829954,0.7699487926417009,1,2,9,54
641,1.0,0.0,0.24304853980059316,0.7569514601994074,2,2,9,55
642,0.0,0.0,0.9374870017247181,0.06251299827528183,3,7,2,32
643,0.0,0.0,0.9152410980008363,0.08475890199916393,5,8,9,27
644,0.0,0.0,0.923727804763216,0.07627219523678364,2,0,0,24
645,0.0,0.0,0.9109409664148749,0.08905903358512496,0,0,0,34
646,0.0,0.0,0.637932771585727,0.362067228414273,3,6,0,52
647,0.0,0.0,0.8420639342962343,0.15793606570376553,3,9,9,41
648,0.0,0.0,0.829810550615079,0.170189449384921,5,7,7,41
649,0.0,0.0,0.9169276855595723,0.08307231444042802,5,8,9,29
650,0.0,0.0,0.7094083858660812,0.2905916141339188,2,2,2,41
651,0.0,0.0,0.8374030131267943,0.16259698687320576,3,9,9,40
652,0.0,0.0,0.8387457998733595,0.16125420012664077,0,0,6,41
653,0.0,0.0,0.856076161481083,0.14392383851891696,5,6,6,43
654,1.0,0.0,0.44642834530387915,0.5535716546961209,1,2,2,48
655,1.0,0.0,0.20361243035941784,0.7963875696405822,0,3,9,52
656,1.0,0.0,0.45700516571122585,0.5429948342887743,1,2,9,46
657,0.0,0.0,0.9368254630722272,0.06317453692777264,3,6,0,37
658,0.0,0.0,0.8119587295612523,0.18804127043874774,0,3,9,35
659,0.0,0.0,0.8996572064737068,0.10034279352629319,5,6,0,40
660,0.0,0.0,0.7240153174531411,0.27598468254685876,3,9,5,44
661,0.0,0.0,0.6609110372646909,0.33908896273530914,5,9,5,48
662,0.0,0.0,0.9138654899451197,0.08613451005488054,0,0,6,21
663,0.0,0.0,0.5384730692445551,0.4615269307554448,4,8,2,53
664,0.0,0.0,0.8787981369915618,0.12120186300843766,0,0,6,37
665,0.0,0.0,0.9127019738276119,0.08729802617238837,3,9,9,33
666,0.0,0.0,0.8019269817581635,0.19807301824183657,0,3,9,37
667,0.0,0.0,0.7822916146643074,0.2177083853356929,1,3,9,37
668,0.0,0.0,0.8899887535351826,0.11001124646481754,3,8,9,36
669,0.0,0.0,0.9138730225144909,0.08612697748550932,4,9,9,32
670,0.0,0.0,0.8436991577511589,0.15630084224884128,2,3,9,34
671,0.0,0.0,0.9458916386508531,0.05410836134914667,3,6,0,31
672,0.0,0.0,0.6010530052685019,0.3989469947314983,1,2,9,44
673,1.0,0.0,0.1756088762391954,0.824391123760805,0,3,9,56
674,0.0,0.0,0.8355701715470635,0.16442982845293652,1,3,9,32
675,0.0,0.0,0.8069387377833985,0.19306126221660133,4,7,2,42
676,0.0,0.0,0.7702137113636145,0.2297862886363853,5,7,7,46
677,1.0,0.0,0.4506489005301866,0.5493510994698135,1,1,2,49
678,0.0,0.0,0.6137881106306412,0.3862118893693588,0,0,6,45
679,1.0,0.0,0.3523702714032107,0.6476297285967896,0,2,9,50
680,0.0,0.0,0.6382299514500692,0.3617700485499307,3,7,2,51
681,0.0,0.0,0.68786078846522,0.31213921153477975,0,1,7,44
682,0.0,0.0,0.9197653369440201,0.08023466305598005,4,8,9,25
683,0.0,0.0,0.8950049674304243,0.10499503256957579,4,9,9,71
684,0.0,0.0,0.8643676195969906,0.1356323804030094,0,0,0,40
685,0.0,0.0,0.8787827541040487,0.12121724589595141,4,6,6,41
686,0.0,0.0,0.8955938351974249,0.10440616480257493,1,0,0,38
687,0.0,0.0,0.9158853505989945,0.08411464940100563,1,0,0,31
688,0.0,0.0,0.9419865041348946,0.05801349586510525,3,6,0,36
689,0.0,0.0,0.779107084118127,0.22089291588187301,2,2,9,37
690,1.0,0.0,0.46638828723813897,0.533611712761861,2,3,5,49
691,0.0,0.0,0.6657675567382668,0.3342324432617329,2,2,9,39
692,0.0,0.0,0.8407043585014151,0.15929564149858463,3,9,5,66
693,0.0,0.0,0.8951471120303508,0.1048528879696489,2,0,6,36
694,0.0,0.0,0.5476730836559353,0.45232691634406463,3,8,9,57
695,0.0,0.0,0.7681042777168416,0.23189572228315836,0,0,0,42
696,1.0,0.0,0.4826442992969927,0.5173557007030074,3,9,9,53
697,0.0,0.0,0.6797205720678865,0.32027942793211345,5,8,9,55
698,0.0,0.0,0.7706995224178863,0.22930047758211355,2,0,6,43
699,1.0,0.0,0.42527949685601757,0.5747205031439825,1,3,5,50
700,0.0,0.0,0.9127019738276119,0.08729802617238837,3,9,9,33
701,0.0,0.0,0.9204840764883826,0.07951592351161772,4,8,9,24
702,0.0,0.0,0.7164773029096895,0.2835226970903101,0,3,9,41
703,0.0,0.0,0.5352497327643837,0.46475026723561624,3,9,9,48
704,0.0,0.0,0.9149066350599161,0.08509336494008383,0,0,0,32
705,0.0,0.0,0.9223976520593008,0.07760234794069926,2,0,6,30
706,0.0,0.0,0.866865969465361,0.13313403053463885,0,0,6,39
707,0.0,0.0,0.9008194291481177,0.09918057085188246,3,8,9,35
708,1.0,0.0,0.18769239063956622,0.8123076093604338,0,3,9,54
709,0.0,0.0,0.9223032721807172,0.07769672781928302,5,9,9,24
710,0.0,0.0,0.9151220094953973,0.0848779905046026,4,8,2,34
711,1.0,0.0,0.4309017392096087,0.5690982607903913,0,1,7,48
712,0.0,0.0,0.6719881505371663,0.32801184946283357,4,6,0,50
713,0.0,0.0,0.7620180148235077,0.2379819851764917,5,8,2,42
714,0.0,0.0,0.9516207119474085,0.04837928805259131,4,6,6,30
715,0.0,0.0,0.5940228882590501,0.4059771117409499,2,3,9,44
716,0.0,0.0,0.772225222534517,0.22777477746548275,4,7,2,60
717,0.0,0.0,0.8819102723776627,0.11808972762233721,2,0,6,39
718,0.0,0.0,0.9008194291481177,0.09918057085188246,3,8,9,35
719,1.0,0.0,0.18769239063956622,0.8123076093604338,0,3,9,54
720,1.0,0.0,0.3123512490626989,0.6876487509373014,0,0,6,51
721,1.0,0.0,0.24506086338939592,0.7549391366106042,1,0,6,53
722,1.0,0.0,0.2402118500413459,0.7597881499586542,0,2,2,53
723,0.0,0.0,0.9123186027666901,0.0876813972333101,0,0,6,26
724,0.0,0.0,0.8950049674304243,0.10499503256957579,4,9,9,71
725,0.0,0.0,0.7919330385944043,0.20806696140559558,2,3,9,35
726,0.0,0.0,0.8013800766853675,0.19861992331463255,3,6,6,46
727,0.0,0.0,0.8372736980076132,0.1627263019923868,1,3,9,25
728,1.0,0.0,0.29911368460106946,0.7008863153989308,2,2,2,51
729,0.0,0.0,0.8322443992287272,0.16775560077127263,2,3,5,36
730,0.0,0.0,0.6417881187202107,0.35821188127978926,5,9,5,50
731,0.0,0.0,0.7603218121809858,0.2396781878190145,5,6,0,44
732,0.0,0.0,0.5256788999691124,0.47432110003088757,1,3,5,45
733,0.0,0.0,0.8729950146933095,0.1270049853066905,4,9,9,66
734,1.0,0.0,0.1738890062182042,0.8261109937817962,0,3,9,63
735,0.0,0.0,0.6932139317836814,0.3067860682163189,5,9,9,45
736,0.0,0.0,0.9514014142550533,0.04859858574494641,5,6,6,33
737,0.0,0.0,0.8513226421700553,0.14867735782994468,5,6,6,44
738,0.0,0.0,0.8806589725927182,0.11934102740728181,5,6,6,42
739,0.0,0.0,0.9151084898672375,0.08489151013276273,4,9,9,30
740,0.0,0.0,0.8322443992287272,0.16775560077127263,2,3,5,36
741,1.0,0.0,0.4498808003013061,0.5501191996986938,0,2,9,46
742,1.0,0.0,0.24728526268126988,0.7527147373187303,2,0,6,62
743,0.0,0.0,0.5940228882590501,0.4059771117409499,2,3,9,44
744,0.0,0.0,0.8321741558755249,0.16782584412447504,0,2,9,34
745,1.0,0.0,0.17038914048775972,0.8296108595122405,0,3,5,54
746,0.0,0.0,0.8744389906779958,0.12556100932200465,4,9,9,37
747,1.0,0.0,0.15627532305708589,0.8437246769429144,0,3,5,56
748,0.0,0.0,0.7390132803461141,0.2609867196538856,4,9,9,59
749,0.0,0.0,0.8721424583940757,0.12785754160592422,1,0,6,39
750,0.0,0.0,0.9516207119474085,0.04837928805259131,4,6,6,30
751,0.0,0.0,0.7798268335283676,0.2201731664716326,2,0,6,42
752,0.0,0.0,0.8069387377833985,0.19306126221660133,4,7,2,42
753,0.0,0.0,0.850284636472466,0.149715363527534,2,3,9,25
754,0.0,0.0,0.8333215345624332,0.1666784654375667,0,2,9,30
755,0.0,0.0,0.7972541361620205,0.2027458638379797,1,3,9,36
756,0.0,0.0,0.8933475590689903,0.10665244093100978,5,9,9,36
757,0.0,0.0,0.8448333660542342,0.15516663394576588,2,3,9,30
758,0.0,0.0,0.8650569068685579,0.1349430931314427,3,8,9,38
759,1.0,0.0,0.49964116481822307,0.5003588351817769,2,3,5,45
760,1.0,0.0,0.4569518719073528,0.5430481280926472,1,2,9,47
761,0.0,0.0,0.9109898585961241,0.08901014140387592,3,8,2,35
762,0.0,0.0,0.9292099554116304,0.07079004458836949,3,6,6,39
763,0.0,0.0,0.8874589178742318,0.11254108212576805,1,0,6,36
764,0.0,0.0,0.779107084118127,0.22089291588187301,2,2,9,37
765,0.0,0.0,0.5718901277401767,0.4281098722598235,0,2,9,44
766,0.0,0.0,0.9008194291481177,0.09918057085188246,3,8,9,35
767,0.0,0.0,0.6469958683617761,0.3530041316382239,5,9,9,49
768,0.0,0.0,0.9184898909549374,0.08151010904506265,2,0,6,32
769,0.0,0.0,0.8001194954253488,0.19988050457465112,0,0,6,42
770,0.0,0.0,0.738633072226284,0.26136692777371623,3,6,6,49
771,0.0,0.0,0.8082184186705245,0.19178158132947565,0,2,9,36
772,0.0,0.0,0.8650569068685579,0.1349430931314427,3,8,9,38
773,0.0,0.0,0.8458895448318182,0.1541104551681818,2,3,9,32
774,0.0,0.0,0.7063456719481358,0.29365432805186426,3,7,7,43
775,0.0,0.0,0.9476388722872762,0.05236112771272362,3,6,0,34
776,0.0,0.0,0.8873451484640832,0.11265485153591681,3,6,6,40
777,1.0,0.0,0.20242695555341966,0.797573044446581,1,2,9,60
778,0.0,0.0,0.7680824071936228,0.23191759280637714,4,6,0,61
779,0.0,0.0,0.8606704320050056,0.13932956799499446,5,8,9,40
780,1.0,0.0,0.18631184808998102,0.8136881519100192,2,3,9,59
781,0.0,0.0,0.9138730225144909,0.08612697748550932,4,9,9,32
782,0.0,0.0,0.8374030131267943,0.16259698687320576,3,8,9,40
783,1.0,0.0,0.2222115052710507,0.7777884947289495,0,0,0,53
784,0.0,0.0,0.8448333660542342,0.15516663394576588,2,3,9,28
785,1.0,0.0,0.4605707609337989,0.539429239066201,1,3,9,45
786,0.0,0.0,0.8855913354719422,0.11440866452805774,0,1,2,29
787,0.0,0.0,0.885219341521435,0.11478065847856488,3,7,7,64
788,1.0,0.0,0.17117054111653446,0.8288294588834657,1,2,2,60
789,0.0,0.0,0.7319266714774569,0.2680733285225426,3,9,5,60
790,0.0,0.0,0.7919330385944043,0.20806696140559558,2,2,9,35
791,0.0,0.0,0.8720591078677239,0.12794089213227575,0,0,6,38
792,0.0,0.0,0.6686370513900479,0.33136294860995186,1,2,9,42
793,0.0,0.0,0.656622458676149,0.34337754132385084,3,9,5,55
794,0.0,0.0,0.9304734460412851,0.06952655395871496,3,8,2,25
795,1.0,0.0,0.24304853980059316,0.7569514601994074,2,3,9,55
796,0.0,0.0,0.8696152940608383,0.13038470593916185,0,3,5,34
797,0.0,0.0,0.7880387995995849,0.21196120040041438,3,7,2,42
798,1.0,0.0,0.20225176099540496,0.7977482390045952,2,0,0,56
799,0.0,0.0,0.6769055864570567,0.32309441354294344,2,2,2,43
800,0.0,0.0,0.7094646474022228,0.2905353525977767,2,0,6,47
801,0.0,0.0,0.6137881106306412,0.3862118893693588,0,0,6,45
802,0.0,0.0,0.7082281889996722,0.2917718110003278,2,2,9,40
803,0.0,0.0,0.8996154797171156,0.1003845202828845,3,9,5,37
804,1.0,0.0,0.18693675525520553,0.8130632447447946,1,0,0,61
805,0.0,0.0,0.8714733824867443,0.12852661751325578,1,1,2,30
806,0.0,0.0,0.7082281889996722,0.2917718110003278,2,2,9,40
807,0.0,0.0,0.9041434406949665,0.09585655930503346,5,8,2,70
808,0.0,0.0,0.8836094142599129,0.11639058574008673,0,0,6,36
809,0.0,0.0,0.8492114483194199,0.1507885516805801,5,6,6,45
810,0.0,0.0,0.8428079314351499,0.15719206856485046,2,0,6,40
811,0.0,0.0,0.8650569068685579,0.1349430931314427,3,9,9,38
812,1.0,0.0,0.3481072591836795,0.6518927408163209,1,3,9,51
813,0.0,0.0,0.7927720143604375,0.20722798563956224,2,2,2,40
814,0.0,0.0,0.5149307323693826,0.4850692676306174,3,8,9,50
815,0.0,0.0,0.5590212174768847,0.44097878252311523,5,8,2,47
816,0.0,0.0,0.8892881325782475,0.11071186742175244,2,0,0,39
817,0.0,0.0,0.9248184362394443,0.07518156376055603,3,9,9,21
818,0.0,0.0,0.8351660321700888,0.16483396782991122,0,3,9,28
819,0.0,0.0,0.9184784534906307,0.0815215465093695,3,8,9,26
820,0.0,0.0,0.7997628391565231,0.20023716084347642,1,3,5,39
821,0.0,0.0,0.9391863729722268,0.06081362702777327,3,6,6,38
822,0.0,0.0,0.8708420724093342,0.12915792759066563,0,2,2,31
823,0.0,0.0,0.9041352533083633,0.09586474669163644,0,0,0,33
824,0.0,0.0,0.7741790240402378,0.22582097595976194,3,7,7,56
825,1.0,0.0,0.15708707768602254,0.8429129223139776,2,3,5,58
826,0.0,0.0,0.7972541361620205,0.2027458638379797,1,3,9,36
827,1.0,0.0,0.2531382660084011,0.7468617339915988,0,0,6,52
828,0.0,0.0,0.5329504091084935,0.4670495908915065,3,9,9,49
829,0.0,0.0,0.7919330385944043,0.20806696140559558,2,2,9,35
830,0.0,0.0,0.9174583133641633,0.08254168663583668,1,0,0,29
831,0.0,0.0,0.8333309266229972,0.1666690733770028,4,9,5,41
832,0.0,0.0,0.8273463227551106,0.17265367724488956,2,1,7,38
833,0.0,0.0,0.6686370513900479,0.33136294860995186,1,2,9,42
834,0.0,0.0,0.766215119228263,0.23378488077173656,3,9,5,61
835,0.0,0.0,0.9508634829442117,0.04913651705578805,5,6,6,31
836,0.0,0.0,0.769585586303739,0.2304144136962605,3,8,9,42
837,0.0,0.0,0.705069704308539,0.2949302956914609,1,3,9,39
838,0.0,0.0,0.6686370513900479,0.33136294860995186,1,3,9,42
839,0.0,0.0,0.8352360176855029,0.1647639823144972,4,8,9,41
840,0.0,0.0,0.7850127338142185,0.21498726618578134,0,3,9,38
841,0.0,0.0,0.8299721073622685,0.17002789263773163,2,1,7,37
842,0.0,0.0,0.5917603203676102,0.40823967963239,0,3,9,43
843,0.0,0.0,0.9184898909549374,0.08151010904506265,2,0,6,32
844,0.0,0.0,0.6519130847333366,0.3480869152666635,3,6,0,50
845,1.0,0.0,0.31389962975270186,0.6861003702472985,1,2,2,51
846,0.0,0.0,0.7622283967047088,0.23777160329529085,3,7,7,58
847,1.0,0.0,0.22682772182389102,0.7731722781761091,0,0,6,69
848,0.0,0.0,0.8703007186364577,0.1296992813635426,3,6,6,41
849,0.0,0.0,0.9241156342317861,0.07588436576821397,2,0,6,27
850,0.0,0.0,0.9446694945236177,0.055330505476382276,5,6,6,37
851,0.0,0.0,0.8020045229589924,0.19799547704100803,2,0,6,41
852,1.0,0.0,0.4614698609097829,0.538530139090217,2,3,9,49
853,0.0,0.0,0.8013800766853675,0.19861992331463255,3,6,6,46
854,0.0,0.0,0.6932139317836814,0.3067860682163189,5,9,9,45
855,0.0,0.0,0.8436991577511589,0.15630084224884128,2,2,9,34
856,0.0,0.0,0.8699273534296157,0.1300726465703847,3,9,9,37
857,0.0,0.0,0.8536769192644023,0.14632308073559744,1,2,2,29
858,0.0,0.0,0.6570755480098899,0.3429244519901101,0,2,2,44
859,0.0,0.0,0.9240845855788521,0.07591541442114787,4,8,2,26
860,0.0,0.0,0.9516207119474085,0.04837928805259131,5,6,6,29
861,1.0,0.0,0.26224093301375623,0.7377590669862439,1,3,5,52
862,0.0,0.0,0.8502748459442242,0.1497251540557759,0,0,6,40
863,0.0,0.0,0.8298369119888039,0.1701630880111959,4,8,2,41
864,0.0,0.0,0.7103834831265833,0.2896165168734167,5,8,9,48
865,0.0,0.0,0.9220169232037111,0.07798307679628926,4,9,9,23
866,0.0,0.0,0.8013800766853675,0.19861992331463255,3,6,6,46
867,0.0,0.0,0.5005263339291132,0.49947366607088683,0,0,6,49
868,0.0,0.0,0.7288797433620363,0.2711202566379634,0,3,9,40
869,0.0,0.0,0.6869324687473545,0.3130675312526454,0,3,9,42
870,1.0,0.0,0.44325271844804326,0.5567472815519569,2,2,9,46
871,0.0,0.0,0.871457557439664,0.1285424425603356,1,3,5,28
872,1.0,0.0,0.38616777838264804,0.6138322216173521,0,3,5,50
873,0.0,0.0,0.8476413612863741,0.15235863871362582,5,9,5,40
874,0.0,0.0,0.8119587295612523,0.18804127043874774,0,3,9,35
875,1.0,0.0,0.4397568364132851,0.5602431635867151,0,2,2,47
876,1.0,0.0,0.4620335457955469,0.5379664542044529,0,3,9,45
877,0.0,0.0,0.7082281889996722,0.2917718110003278,2,3,9,40
878,0.0,0.0,0.8746671411438354,0.12533285885616446,3,7,2,64
879,0.0,0.0,0.7492162367792723,0.2507837632207279,2,2,9,38
880,0.0,0.0,0.8353401836681753,0.1646598163318246,2,3,5,37
881,0.0,0.0,0.8474021885842669,0.1525978114157332,3,9,5,41
882,0.0,0.0,0.9012710804022923,0.09872891959770792,2,1,7,29
883,0.0,0.0,0.8569698005959862,0.14303019940401385,5,8,9,41
884,0.0,0.0,0.8372459910861081,0.1627540089138918,0,1,2,38
885,0.0,0.0,0.8431394284152973,0.1568605715847025,5,8,2,40
886,0.0,0.0,0.5537204423697277,0.4462795576302722,4,8,2,47
887,0.0,0.0,0.524891143711382,0.475108856288618,0,0,6,48
888,0.0,0.0,0.6960509258637478,0.3039490741362517,2,0,0,43
889,0.0,0.0,0.9292099554116304,0.07079004458836949,3,6,6,39
890,1.0,0.0,0.20599489581085986,0.7940051041891404,0,0,6,56
891,0.0,0.0,0.90233263649613,0.09766736350387012,4,9,9,35
892,0.0,0.0,0.7240230269524747,0.2759769730475254,1,1,7,42
893,0.0,0.0,0.8873451484640832,0.11265485153591681,3,6,6,40
894,0.0,0.0,0.8352194346127323,0.16478056538726768,0,3,9,31
895,1.0,0.0,0.2161602893760116,0.7838397106239888,2,0,0,55
896,0.0,0.0,0.8818297832913737,0.11817021670862574,1,0,6,35
897,0.0,0.0,0.7241677942905191,0.2758322057094811,5,6,6,51
898,0.0,0.0,0.701907158729709,0.29809284127029106,2,3,5,42
899,0.0,0.0,0.9369073672186061,0.06309263278139389,5,7,2,25
900,0.0,0.0,0.9489140524684925,0.05108594753150746,3,6,6,32
901,1.0,0.0,0.2571356222103059,0.7428643777896943,2,0,6,52
902,0.0,0.0,0.7535070900171565,0.24649290998284293,3,9,9,61
903,0.0,0.0,0.941225361296503,0.058774638703497,3,6,6,37
904,0.0,0.0,0.8322443992287272,0.16775560077127263,2,3,5,36
905,0.0,0.0,0.8020045229589924,0.19799547704100803,2,0,6,41
906,0.0,0.0,0.9509895044594227,0.04901049554057714,5,6,6,34
907,0.0,0.0,0.9127019738276119,0.08729802617238837,3,8,9,33
908,1.0,0.0,0.18055567288487087,0.8194443271151295,0,3,9,59
909,0.0,0.0,0.9405802975849824,0.0594197024150174,3,6,6,72
910,0.0,0.0,0.6628124866808086,0.3371875133191913,3,9,9,46
911,0.0,0.0,0.8260157004897706,0.17398429951022926,0,2,2,38
912,0.0,0.0,0.6657675567382668,0.3342324432617329,2,3,9,39
913,0.0,0.0,0.9158037061234533,0.08419629387654678,4,9,5,34
914,0.0,0.0,0.5525475341478393,0.4474524658521606,3,9,9,51
915,0.0,0.0,0.8458895448318182,0.1541104551681818,2,3,9,32
916,1.0,0.0,0.25022266387755576,0.7497773361224443,1,0,6,52
917,0.0,0.0,0.8052554001301456,0.1947445998698546,1,2,9,35
918,0.0,0.0,0.8372736980076132,0.1627263019923868,1,3,9,26
919,0.0,0.0,0.7647463675008614,0.23525363249913842,3,6,0,43
920,1.0,0.0,0.18148100059878292,0.8185189994012173,2,2,2,54
921,0.0,0.0,0.9092740453654513,0.09072595463454868,2,0,6,34
922,0.0,0.0,0.8291150009377968,0.17088499906220317,2,2,2,37
923,1.0,0.0,0.3777094772408451,0.622290522759155,0,2,9,48
924,1.0,0.0,0.46483759276720227,0.5351624072327976,2,3,9,47
925,0.0,0.0,0.787153985769404,0.21284601423059615,5,6,6,54
926,1.0,0.0,0.22363877395704837,0.7763612260429517,0,3,5,52
927,0.0,0.0,0.9516207119474085,0.04837928805259131,5,6,6,25
928,0.0,0.0,0.6869324687473545,0.3130675312526454,0,3,9,42
929,0.0,0.0,0.8476413612863741,0.15235863871362582,5,9,5,40
930,0.0,0.0,0.9339343367528218,0.06606566324717808,5,6,6,67
931,0.0,0.0,0.8456837220771056,0.1543162779228944,0,3,9,18
932,0.0,0.0,0.9099018473205643,0.09009815267943572,3,9,5,36
933,0.0,0.0,0.813945452249052,0.18605454775094782,1,1,2,39
934,0.0,0.0,0.8355701715470635,0.16442982845293652,1,2,9,31
935,0.0,0.0,0.7609013032499695,0.23909869675003054,3,6,6,55
936,1.0,0.0,0.20931643493744329,0.790683565062557,0,0,6,64
937,0.0,0.0,0.9138730225144909,0.08612697748550932,4,9,9,32
938,0.0,0.0,0.8787827541040487,0.12121724589595141,4,6,6,41
939,0.0,0.0,0.8249108973998247,0.17508910260017516,4,7,2,40
940,0.0,0.0,0.8522374246584061,0.14776257534159418,4,9,9,39
941,1.0,0.0,0.4614698609097829,0.538530139090217,2,2,9,49
942,0.0,0.0,0.9151084898672375,0.08489151013276273,4,9,9,28
943,0.0,0.0,0.9008194291481177,0.09918057085188246,3,9,9,35
944,0.0,0.0,0.8919679157068512,0.10803208429314895,4,7,7,38
945,0.0,0.0,0.871457557439664,0.1285424425603356,1,3,5,29
946,0.0,0.0,0.8458895448318182,0.1541104551681818,2,3,9,31
947,1.0,0.0,0.22363877395704837,0.7763612260429517,0,3,5,52
948,0.0,0.0,0.9446694945236177,0.055330505476382276,5,6,6,37
949,0.0,0.0,0.9359582220831851,0.06404177791681469,5,6,6,39
950,0.0,0.0,0.7320410343794479,0.267958965620552,5,6,6,49
951,0.0,0.0,0.8716302031625264,0.12836979683747324,1,3,5,31
952,0.0,0.0,0.715402815029866,0.284597184970134,1,2,9,40
953,0.0,0.0,0.6869324687473545,0.3130675312526454,0,3,9,42
954,0.0,0.0,0.8287860115825252,0.1712139884174744,3,7,7,42
955,0.0,0.0,0.83025089251231,0.16974910748768976,1,3,5,35
956,0.0,0.0,0.9169276855595723,0.08307231444042802,5,8,9,29
957,0.0,0.0,0.9347193065368145,0.06528069346318568,5,7,7,33
958,0.0,0.0,0.850284636472466,0.149715363527534,2,3,9,26
959,0.0,0.0,0.9460940099732923,0.05390599002670757,5,6,6,36
960,0.0,0.0,0.8533238757691269,0.14667612423087337,2,0,0,40
961,0.0,0.0,0.948770079775262,0.051229920224737796,3,6,0,27
962,0.0,0.0,0.61775384227237,0.3822461577276301,5,9,9,51
963,1.0,0.0,0.3529157509958329,0.6470842490041672,0,2,9,49
964,0.0,0.0,0.9109898585961241,0.08901014140387592,3,8,2,35
965,0.0,0.0,0.9496712814716892,0.05032871852831072,3,6,6,26
966,0.0,0.0,0.6794014763637183,0.3205985236362816,3,7,2,52
967,0.0,0.0,0.9490400739837033,0.05095992601629655,3,6,6,34
968,0.0,0.0,0.6845436085034041,0.31545639149659577,1,0,0,43
969,0.0,0.0,0.8461893976047883,0.15381060239521177,2,3,9,33
970,1.0,0.0,0.1543634962436317,0.8456365037563687,0,3,5,63
971,0.0,0.0,0.8309465904853091,0.169053409514691,1,2,9,28
972,0.0,0.0,0.5611955739616639,0.4388044260383361,1,0,6,46
973,0.0,0.0,0.8219466389572774,0.1780533610427227,1,0,0,41
974,1.0,0.0,0.2235893522108593,0.776410647789141,0,1,7,53
975,0.0,0.0,0.8502748459442242,0.1497251540557759,0,0,6,40
976,0.0,0.0,0.9138730225144909,0.08612697748550932,4,9,9,32
977,0.0,0.0,0.9508634829442117,0.04913651705578805,4,6,6,32
978,0.0,0.0,0.8606704320050056,0.13932956799499446,5,8,9,40
979,0.0,0.0,0.5242797373872834,0.47572026261271666,1,1,7,45
980,1.0,0.0,0.4498808003013061,0.5501191996986938,0,2,9,46
981,0.0,0.0,0.9446694945236177,0.055330505476382276,5,6,6,37
982,0.0,0.0,0.7706995224178863,0.22930047758211355,2,0,6,43
983,0.0,0.0,0.9106006205942049,0.08939937940579537,0,0,6,29
984,0.0,0.0,0.8648602956141204,0.13513970438587972,2,2,2,34
985,0.0,0.0,0.8694937126888515,0.13050628731114824,4,9,9,67
986,0.0,0.0,0.7972541361620205,0.2027458638379797,1,2,9,36
987,0.0,0.0,0.9041352533083633,0.09586474669163644,0,0,0,33
988,0.0,0.0,0.7492162367792723,0.2507837632207279,2,2,9,38
989,0.0,0.0,0.6263564214199578,0.37364357858004205,5,9,5,55
990,0.0,0.0,0.8803097403947249,0.11969025960527459,0,0,6,35
991,0.0,0.0,0.9041352533083633,0.09586474669163644,0,0,0,33
992,0.0,0.0,0.6516366605519085,0.34836333944809156,3,9,5,50
993,0.0,0.0,0.9138730225144909,0.08612697748550932,4,8,9,32
994,0.0,0.0,0.705069704308539,0.2949302956914609,1,3,9,39
995,0.0,0.0,0.8522374246584061,0.14776257534159418,4,8,9,39
996,0.0,0.0,0.6806832917099406,0.31931670829005926,5,8,2,43
997,0.0,0.0,0.9156922182068257,0.08430778179317462,5,8,9,32
998,0.0,0.0,0.9027918941964067,0.09720810580359292,2,0,0,37
999,0.0,0.0,0.7185316739371723,0.2814683260628278,5,8,9,46
1000,0.0,0.0,0.8374030131267943,0.16259698687320576,3,9,9,40
1001,0.0,0.0,0.7521067235457578,0.24789327645424225,5,7,7,43
1002,0.0,0.0,0.6072936579081076,0.3927063420918923,4,9,5,54
1003,1.0,0.0,0.4117155648449689,0.5882844351550311,1,3,9,49
1004,0.0,0.0,0.7681042777168416,0.23189572228315836,0,0,0,42
1005,0.0,0.0,0.9008194291481177,0.09918057085188246,3,8,9,35
1006,0.0,0.0,0.7654935255911015,0.23450647440889852,0,2,9,39
1007,1.0,0.0,0.28492910041466346,0.7150708995853369,0,2,9,51
1008,0.0,0.0,0.8004300648622905,0.1995699351377091,3,8,9,64
1009,0.0,0.0,0.6497199290237142,0.3502800709762856,4,7,2,46
1010,0.0,0.0,0.7410496653734754,0.2589503346265245,4,9,9,43
1011,0.0,0.0,0.9151874004921084,0.0848125995078915,1,0,0,24
1012,1.0,0.0,0.18631184808998102,0.8136881519100192,2,2,9,62
1013,0.0,0.0,0.8789916640479006,0.12100833595209914,1,0,6,38
1014,0.0,0.0,0.6797205720678865,0.32027942793211345,5,8,9,55
1015,0.0,0.0,0.9345295031266524,0.06547049687334776,3,7,7,34
1016,1.0,0.0,0.4826442992969927,0.5173557007030074,3,9,9,53
1017,1.0,0.0,0.4832956617638079,0.5167043382361921,2,1,7,46
1018,0.0,0.0,0.684969109436475,0.3150308905635244,2,0,0,44
1019,0.0,0.0,0.8834922699539577,0.11650773004604227,4,6,0,41
